{"cameraMode":{"drawMode":0,"name":"Shaded","section":"Shading Mode"},"sceneLighting":false,"audioPlay":false,"sceneViewState":{"m_AlwaysRefresh":false,"showFog":true,"showSkybox":false,"showFlares":true,"showImageEffects":true,"showParticleSystems":true,"showVisualEffectGraphs":true,"m_FxEnabled":true},"in2DMode":false,"pivot":{"x":268.4786682128906,"y":1.0376129150390626,"z":158.96377563476563},"rotation":{"x":0.04747418686747551,"y":-0.21143803000450135,"z":0.010312136262655259,"w":0.976247251033783},"size":0.8783876299858093,"orthographic":false}