{"cameraMode":{"drawMode":0,"name":"Shaded","section":"Shading Mode"},"sceneLighting":false,"audioPlay":false,"sceneViewState":{"m_AlwaysRefresh":false,"showFog":true,"showSkybox":false,"showFlares":true,"showImageEffects":true,"showParticleSystems":true,"showVisualEffectGraphs":true,"m_FxEnabled":true},"in2DMode":false,"pivot":{"x":10.672309875488282,"y":-4.89246940612793,"z":-0.5512593984603882},"rotation":{"x":0.13852649927139283,"y":0.33729708194732668,"z":-0.050252724438905719,"w":0.9297982454299927},"size":0.8744160532951355,"orthographic":false}