{"cameraMode":{"drawMode":0,"name":"Shaded","section":"Shading Mode"},"sceneLighting":false,"audioPlay":false,"sceneViewState":{"m_AlwaysRefresh":false,"showFog":true,"showSkybox":false,"showFlares":true,"showImageEffects":true,"showParticleSystems":true,"showVisualEffectGraphs":true,"m_FxEnabled":true},"in2DMode":false,"pivot":{"x":22.64353370666504,"y":0.18276065587997437,"z":4.346596717834473},"rotation":{"x":0.00989295169711113,"y":0.9894618988037109,"z":-0.08090965449810028,"w":0.12020985037088394},"size":2.424011468887329,"orthographic":false}